{
    "NotesHierarchyBackgroundColor": {
        "r": 0.6320754289627075,
        "g": 0.5364336967468262,
        "b": 0.38461193442344668,
        "a": 0.25
    },
    "NotesHierarchyTextColor": {
        "r": 0.0,
        "g": 0.0,
        "b": 0.0,
        "a": 0.0
    }
}